technique_id,D_raw,rule_count,D_norm,stealth_S
T1003.002,24.55103075413926,23,0.13205652176197305,0.8896512928277662
T1003.004,11.952502772473483,10,0.06429082176996058,0.9413459728409274
T1003.001,69.37356106629717,67,0.3731505723079457,0.7592393041408027
T1003.006,8.306221558845902,7,0.04467799087663844,0.9581217485021779
T1211,3.8342580541790676,4,0.0206239317299275,0.9799942618409727
T1562.001,89.90872113511145,94,0.48360629368558145,0.7171153444845895
T1003.003,18.80784952380038,20,0.1011647622785415,0.9121020944294091
T1203,7.619833796422957,8,0.04098600818991253,0.9613828387981798
T1068,16.97251827696538,10,0.09129277510353327,0.9196560637032101
T1212,4.117243682542501,3,0.022146071397485076,0.9785651100160687
T1210,6.849943380782342,8,0.036844876542711194,0.9650811171396693
T1499.004,0.9241962407465937,1,0.004971120854382437,0.9950656627892492
T1070.004,6.531234781603816,11,0.03513058806803886,0.9666247752968428
T1072,2.6985129987253593,4,0.014514919724136698,0.985794128289537
T1489,9.27803941584059,9,0.04990526166889453,0.9535616132138085
T1218,93.93183296591774,127,0.5052460431672259,0.7097451860367774
T1218.007,6.805192999941812,9,0.036604170573967795,0.965297413120856
T1219.002,23.457085826360697,37,0.1261723467304529,0.8937951656855553
T1485,4.069686089042088,6,0.021890265828915394,0.9788048482044842
T1110,7.085757674022427,7,0.03811328827087431,0.9639437610195783
T1588,2.468801668457435,1,0.0132793349705563,0.9869798238771211
T1059.003,18.31253680836854,22,0.0985005452426283,0.9141218123957208
T1204.002,23.027867749936313,21,0.12386364340888614,0.8954375777566429
T1059.001,185.91305015886738,177,1.0,0.5906161091496412
T1059.005,20.261272665149246,18,0.10898251977381619,0.9062543773027167
T1059.006,1.2296264847046452,2,0.00661398693450459,0.9934509621464374
T1059.007,17.160113776110272,16,0.09230182475865209,0.9188750611446567
T1197,16.484127424971756,14,0.08866578979197885,0.9216989968971862
T1649,3.864300791733669,4,0.02078552736578485,0.9798422388785029
T1543,6.53235273655852,9,0.03513660138960907,0.9666193474019275
T1567.002,5.17206879753498,10,0.027819826489400915,0.9732929527114228
T1090.003,4.850484088379355,3,0.026090067825978298,0.9748911630593317
T1071.004,5.022815231482226,5,0.027017012669041274,0.9740337256149704
T1590.002,0.23104906018664842,1,0.0012427802135956093,0.9987595320703424
T1574.001,60.85319338491027,75,0.32732071972844123,0.7793245727269503
T1200,0.6931471805599453,3,0.003728340640786828,0.9962923899223892
T1562.004,14.81992850022527,17,0.07971429917136677,0.9287668617933651
T1562.002,22.042056379413594,24,0.11856110348670039,0.8992456971748481
T1505.004,3.5522350227074053,5,0.019106969734894518,0.9814248429328404
T1069.002,24.273498512424162,14,0.13056371508983283,0.890696907618081
T1087.002,28.282600094387586,20,0.15212810542465627,0.8759553046995631
T1482,25.462268068154916,17,0.1369579383824684,0.8862449479727109
T1587.001,8.05131925083144,7,0.04330690741694241,0.9593288806444776
T1505.003,22.393316402848438,15,0.12045048146815292,0.8978830270380548
T1070,13.048674748425622,17,0.07018697577859759,0.9364756914402839
T1505.002,1.0846450839518924,3,0.005834152487009577,0.9942164443740911
T1550.002,3.2724961977398572,5,0.017602294163553484,0.9828500836866065
T1021.004,0.8283022165960001,2,0.004455320462378488,0.9955742494385557
T1012,7.867750734666689,9,0.04231951833366995,0.9602010715098386
T1098,8.078475600993189,13,0.04345297758328384,0.9592000569482705
T1207,0.7803552045207032,2,0.004197420266376513,0.9958288358159811
T1021.002,26.513669276268068,31,0.142613276763581,0.8823648891574863
T1222.001,1.541079903098676,2,0.008289250817959172,0.9918125047959298
T1087,22.548203174497875,13,0.12128359550461824,0.8972842017157051
T1114,2.32012858525919,2,0.012479643485363625,0.9877495209237096
T1059,49.32380462452288,55,0.2653057683813721,0.80951090665948
T1053.002,1.1590262677232954,2,0.00623423835353612,0.9938235003604774
T1070.001,4.9539508747412135,6,0.026646601034773718,0.9743760879050928
T1123,2.9195177302938164,4,0.015703672914833117,0.9846574166064767
T1543.003,40.236215970924434,35,0.2164249144239287,0.8361790186690811
T1569.002,28.42077037800847,35,0.15287130383650963,0.8754607861234809
T1027.001,0.5545177444479562,1,0.0029826725126294623,0.9970306103645244
T1021.003,9.713183586589707,9,0.05224584061360699,0.9515410807080626
T1112,56.497870914799336,73,0.30389405620810633,0.7902919181693125
T1562,15.238224679673182,19,0.08196425515396437,0.9269746570076597
T1091,0.23104906018664842,1,0.0012427802135956093,0.9987595320703424
T1053.005,36.90695834619946,30,0.19851730857334401,0.8466789575396862
T1136.001,5.517570822828097,8,0.029678233013299464,0.9715846861469458
T1134,2.3206806240191113,2,0.01248261282376913,0.9877466596121077
T1134.001,9.69117323539941,9,0.05212745004784795,0.9516429693790146
T1554,2.5864639751651066,3,0.013912223875381035,0.9863719525029211
T1027,75.61800748566837,84,0.4067385663408291,0.7455598454122992
T1566.001,17.77594744524282,17,0.09561430695721912,0.9163255350351236
T1558.003,13.181453340976116,14,0.07090117304682071,0.9358909883044787
T1557.003,1.35880732125241,1,0.007308832382080091,0.9927703955029701
T1003.005,10.229289605096984,8,0.05502190188561695,0.9491614628746936
T1003,22.57582279616198,23,0.12143215754284259,0.8971775489724962
T1570,2.347776344955202,3,0.012628356874081556,0.9876062485244314
T1134.002,7.288936438124412,6,0.039206158103994485,0.9629670674713431
T1547.009,2.011256076405371,4,0.010818261949264465,0.9893543853546816
T1036,39.200433930728764,37,0.21085358933776305,0.8394011145255031
T1021.001,11.433438194602356,12,0.06149884682561119,0.9436794051990535
T1201,2.7360168935951577,3,0.014716647869835724,0.9856009527092785
T1040,3.088276185753417,6,0.01661140077640815,0.9837920838735346
T1187,3.275754658948986,4,0.017619820965498502,0.9828334461866288
T1090.001,7.29907525458998,6,0.03926069336365971,0.9629184082446453
T1090.002,1.7250114174751134,2,0.009278592417267362,0.990848708881492
T1574.011,8.826414739800587,11,0.04747603641733699,0.9556725657295833
T1558,2.4548529436174666,4,0.013204306752644493,0.9870519611658095
T1552.002,4.391992769046685,4,0.023623907871414173,0.9771835634375969
T1010,0.5972531564093516,1,0.0032125402487828787,0.9968028634009847
T1548,6.670512452781117,8,0.035879742960921765,0.9659492655676243
T1027.005,3.2575963687340193,4,0.017522150090864094,0.9829261721145838
T1553.002,0.44793986730701374,1,0.0024094051865871592,0.9975992701498391
T1134.005,0.648636716351771,1,0.003488925149673434,0.9965292351937011
T1078,7.031296451560142,9,0.03782034905861489,0.9642060714744211
T1484.001,2.825457065631994,4,0.015197733904196452,0.9851407232443258
T1547,4.6235434145435,7,0.024869386041445535,0.9760238032790448
T1001.003,1.9968100256180443,2,0.010740558685426978,0.989429637636468
T1136.002,1.6391628283998485,3,0.008816824999639039,0.9912982022192706
T1105,44.03880684930146,50,0.23687851289443743,0.8246804578106292
T1556,1.245093927157191,2,0.006697184119636717,0.9933694006964189
T1039,1.6901118168565867,2,0.009090872401976858,0.9910313651823369
T1070.006,2.4684208946429695,3,0.013277286842067524,0.9869817928778084
T1048,4.697529335924087,7,0.025267345847480475,0.9756541090492838
T1528,3.923574406261992,6,0.021104351754270067,0.9795425099485632
T1531,0.7550613973514595,2,0.004061368455341035,0.9959632182939246
T1047,37.728644694092566,42,0.20293704321376305,0.8440484564145896
T1546.003,6.643128479395888,11,0.03573244844145781,0.9660819672468307
T1078.001,0.26823965207235,1,0.001442823146858881,0.9985602924685898
T1078.002,0.26823965207235,1,0.001442823146858881,0.9985602924685898
T1078.003,0.26823965207235,1,0.001442823146858881,0.9985602924685898
T1133,9.368613583889001,10,0.05039244730740142,0.9531399661675491
T1190,12.220215234502913,9,0.06573080923614792,0.9401493676370407
T1550,0.1831020481113516,1,0.0009848800175936347,0.9990165727397389
T1557.001,9.989275935432982,8,0.05373090230565791,0.9502658356459287
T1110.001,1.6051619976059355,3,0.008633939340107024,0.9914763963532282
T1553.004,3.829746372354151,7,0.020599664031554193,0.9800170981120516
T1005,6.100228600438385,7,0.03281226678399169,0.9687243115979367
T1584,0.5189093730814168,1,0.0027911401197387472,0.9972204950599328
T1499.001,1.0153303658958976,1,0.005461318422930893,0.9945830437344374
T1090,11.473595174801194,14,0.061714845542024714,0.9434982490679847
T1055.012,2.3035418017146156,3,0.012390425522824681,0.9878355047159544
T1218.005,8.98809001142358,7,0.048345664834948544,0.9549152388807014
T1055.001,5.273700058872223,6,0.02836648666871806,0.9727895130341542
T1555.005,0.3927834023173023,1,0.002112726363112536,0.9978939471244787
T1218.011,28.47129811898929,27,0.15314308540825858,0.8752801636544063
T1055,25.987273773900267,23,0.13978186981329976,0.8843008203769476
T1055.003,1.8585254129240045,2,0.009996745313660595,0.9901508620563825
T1127,11.342926573935323,18,0.06101199762062161,0.9440881117102446
T1564.004,18.33344976112022,21,0.09861303305740951,0.9140362563974445
T1071.001,6.812033140687058,10,0.03664096272352051,0.9652643425334722
T1572,15.93293210641983,21,0.08570098813829766,0.9240215428557464
T1056,0.1831020481113516,1,0.0009848800175936347,0.9990165727397389
T1559.001,0.990036558726654,3,0.005325266611895415,0.9947169216374547
T1218.010,21.38354102660877,17,0.11501904254884741,0.9018177625392401
T1590,1.3914624232985455,1,0.0074844795570268245,0.9925985796894569
T1599.001,1.8008971705305026,1,0.009686771149155966,0.9904518900826913
T1555.004,2.671386370122829,4,0.014369009425858281,0.9859339236558817
T1552.006,4.744427540615866,5,0.025519604656916946,0.9754199864579784
T1555.003,6.0261067645174275,7,0.032413575912868774,0.9690867728672092
T1217,1.5001959073566975,4,0.008069341587773114,0.9920271191717895
T1574,4.968416091433454,7,0.026724407389302783,0.9743041432053378
T1490,16.66501345584495,16,0.08963875016629697,0.9209407207892208
T1046,7.158826987339186,10,0.03850631777178519,0.9635921656411283
T1087.001,14.63283964996721,9,0.07870797470894636,0.9295719089967295
T1069.001,14.758353872251089,13,0.07938309795702725,0.9290315818670016
T1204,4.206706888766449,5,0.022627281329480164,0.9781146057782782
T1546.002,2.440396185579826,4,0.01312654589602207,0.9871267425687484
T1036.005,10.062905417135731,10,0.05412694487308301,0.9499266279269255
T1027.004,3.6669266786279247,5,0.019723879929324183,0.9808423012656733
T1552.001,5.77652277671433,8,0.031071098945330337,0.9703102868980676
T1566,7.6201524636716735,5,0.04098772225596892,0.9613813169394202
T1195,0.6225469635785955,1,0.0033485920598183587,0.996668140389971
T1195.001,0.6225469635785955,1,0.0033485920598183587,0.996668140389971
T1547.001,27.35686572674245,29,0.14714871120324968,0.8792913402358293
T1137.006,4.338082256277632,4,0.023333930848698527,0.977454181792645
T1137,4.9867007341478775,8,0.02682275789615961,0.9742132250770045
T1008,2.2338449869584895,4,0.012015536214642344,0.9881970507754344
T1546,4.427525559806295,7,0.023815033726910847,0.9770053208154803
T1137.003,0.7855668046346046,1,0.004225452726225072,0.9958011540770264
T1564,8.079433684201204,9,0.04345813097734196,0.9591955129753807
T1486,7.611685836683818,7,0.040942181466978464,0.9614217534866638
T1036.007,4.861924800270037,3,0.02615160579698628,0.9748341687436923
T1555,6.836071311898385,7,0.03677026064634403,0.9651481505018781
T1552.004,4.2691581611302825,6,0.022963197889993087,0.9778004950876681
T1036.003,23.0640109432916,23,0.12405805253360548,0.8952989121246128
T1546.013,1.647214140869768,3,0.008860131870582415,0.9912560203983172
T1036.002,3.4302230133082077,3,0.018450684394543556,0.9820457141967001
T1053,6.965088410705899,5,0.0374642253717749,0.9645252522068843
T1547.015,0.6931471805599452,1,0.0037283406407868274,0.9962923899223892
T1548.002,45.39699622200481,54,0.24418402141867895,0.8206946961797218
T1216,7.176611650609133,13,0.038601978959930665,0.9635066482187394
T1542.001,0.7855668046346046,2,0.004225452726225072,0.9958011540770264
T1218.003,6.386152703771109,7,0.03435021209277122,0.9673299635480344
T1056.002,1.4606755448912938,2,0.0078567671481002,0.9922347081971687
T1202,30.433989030556877,37,0.16370012220524738,0.8683535326183247
T1071,1.4787139851945499,3,0.007953793367011899,0.9921399412838142
T1027.002,0.19459101490553132,1,0.0010466775449020304,0.998954963084751
T1218.014,1.5925646303046002,2,0.008566179883250334,0.9915424420634814
T1574.007,1.2711836799303664,2,0.0068375172094917915,0.9932318722963184
T1220,2.4452287389961676,5,0.013152539517299394,0.987101743009188
T1102,12.433681693408579,11,0.06687901512445568,0.9391985599634807
T1102.001,3.5245353826180787,2,0.01895797728887926,0.9815656915684144
T1567,5.662847322445107,8,0.03045965475584453,0.9708691022495776
T1496,4.349815406001296,2,0.023397041801445726,0.9773952647946254
T1567.001,0.3662040962227032,1,0.0019697600351872694,0.9980360421190486
T1016,3.1376301309053023,5,0.016876868666422924,0.9835394477600374
T1568.002,1.1783502069519067,1,0.006338179089337606,0.9937214914260171
T1041,0.3662040962227032,1,0.0019697600351872694,0.9980360421190486
T1218.009,2.690443571039481,4,0.014471515414009019,0.9858357073317993
T1127.001,0.9120148170459901,1,0.004905598699320195,0.9951302252993296
T1571,3.8336393468515846,3,0.020620603790727134,0.9799973933869852
T1550.003,5.6746148893721085,4,0.030522950833860276,0.9708112089993524
T1048.003,3.6441305536629605,4,0.019601262797576388,0.980958004174707
T1021.006,4.458287885381208,8,0.023980499924946035,0.9768510875738565
T1095,1.8196753987842404,2,0.009787776582812675,0.9903537695056291
T1049,3.114755535087198,4,0.016753829451055538,0.9836565153603803
T1074.001,1.8483924814931874,4,0.009942241708764874,0.9902037726846473
T1070.003,3.6985722983800366,5,0.0198940972417994,0.980681750575821
T1140,6.11761650884948,8,0.032905793883871104,0.9686393429473769
T1115,0.6452001684846485,3,0.0034704404447848535,0.9965475284912342
T1069,8.91896769103931,3,0.047973865650732035,0.9552388010445467
T1565,0.7855668046346046,1,0.004225452726225072,0.9958011540770264
T1529,2.538268454903691,3,0.013652986988996614,0.9866208055413834
T1033,19.353031656345856,21,0.10409721985523987,0.9098949208295363
T1119,3.083187028376488,4,0.016584026918722634,0.9838181457107934
T1113,2.4849066497880004,6,0.013365961387135465,0.9868965550383559
T1556.002,1.50351823904237,3,0.008087211939977187,0.9920096738771864
T1574.012,1.266817076590347,2,0.006814029867767862,0.9932548862322474
T1497.001,0.5364793041447,1,0.002885646293717762,0.9971267883243295
T1018,12.237891307933149,12,0.06582588633490528,0.9400705240595196
T1620,1.6845203627481857,2,0.009060796761221016,0.9910606389559977
T1562.006,2.3910543662664603,2,0.012861143229177533,0.9873821047904262
T1132.001,1.9129473005478923,4,0.010289472949388064,0.9898668354882015
T1518.001,2.8500523993556173,3,0.015330028725364766,0.9850142773578243
T1082,10.61081659502706,15,0.05707408159868202,0.9474139847021698
T1106,11.862351265529204,10,0.06380590956574876,0.9417499777485011
T1518,2.9577620946460317,4,0.015909383941141032,0.9844611120887007
T1056.001,0.6931471805599453,2,0.003728340640786828,0.9962923899223892
T1589.002,0.5972531564093516,1,0.0032125402487828787,0.9968028634009847
T1020,0.9361285162777617,2,0.005035302876682494,0.9950024329860193
T1553.005,1.197942860685826,3,0.006443565202454339,0.993618096108024
T1083,5.148083240499167,6,0.027690811570785376,0.9734118824385427
T1222,1.7265148803019614,2,0.009286679331152983,0.9908408423866061
T1546.015,6.548096891722431,8,0.035221286973275506,0.9665429162013789
T1615,3.495499340173274,5,0.018801796523623716,0.9817134011431587
T1057,2.3972980492508618,3,0.0128947271168017,0.987349780414908
T1564.006,0.7607246985779726,2,0.004091830551582658,0.9959331252293175
T1114.001,0.5364793041447,1,0.002885646293717762,0.9971267883243295
T1070.005,1.669469372973855,4,0.008979839616139112,0.9911394505777086
T1573,0.23104906018664842,1,0.0012427802135956093,0.9987595320703424
T1491.001,3.0239231824082644,4,0.016265255073940457,0.9841217923311513
T1120,0.34657359027997264,2,0.001864170320393414,0.9981410273043485
T1564.003,6.7544949556869085,7,0.03633147296499639,0.9655426343734911
T1027.009,2.216813036409283,2,0.01192392376175293,0.9882854631286967
T1547.004,1.0846450839518924,2,0.005834152487009577,0.9942164443740911
T1055.011,0.3662040962227032,1,0.0019697600351872694,0.9980360421190486
T1560.001,6.4367025366356145,10,0.0346221124936377,0.9670840830746685
T1564.001,5.850558772081309,6,0.03146932809225527,0.9699468582562492
T1542.003,1.0397207708399179,1,0.0055925109611802415,0.9944539987335955
T1185,1.2476649250079015,2,0.00671101315341629,0.9933558455057588
T1176.001,2.183198496976357,2,0.01174311590881199,0.9884600251433018
T1614.001,0.5493061443340549,1,0.0029546400527809048,0.9970583948868124
T1546.001,2.491473353239737,3,0.01340128275616322,0.986862608775141
T1546.008,7.2465868232858455,6,0.038978365515995005,0.9631703968065941
T1218.002,1.4081137682132001,1,0.00757404478604343,0.9925110025507656
T1048.001,0.6225469635785955,1,0.0033485920598183587,0.996668140389971
T1135,4.578025768290109,4,0.02462455306057359,0.9762514573307676
T1204.004,2.9489371226768504,2,0.01586191566518278,0.9845063993170305
T1027.003,0.6931471805599452,1,0.0037283406407868274,0.9962923899223892
T1593.003,0.9814796597221467,1,0.005279240262496084,0.9947622248150731
T1218.001,5.401759134234886,5,0.029055298321548417,0.9721562820884159
T1588.002,9.775920377237442,9,0.05258329293658338,0.9512508467835856
T1110.002,0.9120148170459901,1,0.004905598699320195,0.9951302252993296
T1134.003,3.6634704890937426,3,0.01970528957468674,0.9808598406839377
T1007,2.2209996668928857,2,0.011946443054938777,0.9882637282449046
T1587,1.0729586082894,1,0.005771292587435524,0.9942782246361882
T1134.004,1.7515907235697123,1,0.009421558745192626,0.9907096669820954
T1574.005,1.997154849035994,2,0.010742413441817963,0.9894278411836049
T1216.001,0.8283022165960001,2,0.004455320462378488,0.9955742494385557
T1218.013,1.5345617806245855,2,0.008254190759138554,0.9918467113393689
T1574.008,1.0153303658958976,1,0.005461318422930893,0.9945830437344374
T1563.002,1.0153303658958979,2,0.005461318422930895,0.9945830437344374
T1546.007,3.368314517472828,4,0.018117687352203187,0.982361195978272
T1218.008,6.609134182709952,8,0.03554959792796837,0.9662467793021394
T1027.010,2.0912155136978168,2,0.01124835245245463,0.9889381725659543
T1104,0.7855668046346046,1,0.004225452726225072,0.9958011540770264
T1590.001,0.7855668046346046,1,0.004225452726225072,0.9958011540770264
T1595,3.889239648680924,2,0.02091966994978282,0.9797160967861389
T1622,0.9026834003674034,1,0.004855406328905032,0.9951796910619157
T1526,1.8008971705305026,1,0.009686771149155966,0.9904518900826913
T1037.001,2.293549279164591,3,0.012336677157438358,0.9878873155759363
T1564.002,1.868436836339718,3,0.01005005745827467,0.9900991162975346
T1562.010,1.1026824177980108,1,0.005931172754444838,0.9941211131028067
T1219,4.588604190782199,4,0.024681452898874617,0.9761985355971831
T1124,1.4769767851565825,2,0.007944449213729046,0.992149066669002
T1553,0.3662040962227032,1,0.0019697600351872694,0.9980360421190486
T1036.004,1.7252293813766064,1,0.009279764814263198,0.9908475684280011
T1546.011,4.469917930061699,6,0.02404305629024989,0.9767927971292143
T1505.005,0.648636716351771,1,0.003488925149673434,0.9965292351937011
T1547.014,0.648636716351771,1,0.003488925149673434,0.9965292351937011
T1547.010,2.722032860104962,4,0.014641429731688638,0.985672968519595
T1547.002,0.648636716351771,1,0.003488925149673434,0.9965292351937011
T1557,0.648636716351771,1,0.003488925149673434,0.9965292351937011
T1539,2.423444134109098,2,0.013035363208974325,0.98721445328516
T1608,2.193680572847805,2,0.011799497512268501,0.9884055812262654
T1552,1.185116020496471,1,0.006374571443391196,0.9936857828850443
T1021,2.193191019526381,3,0.01179686427419831,0.988408123765869
T1569,0.3662040962227032,1,0.0019697600351872694,0.9980360421190486
T1560,0.5296756383913243,2,0.0028490503379870486,0.9971630715736133
T1021.005,0.7855668046346046,1,0.004225452726225072,0.9958011540770264
T1006,0.5776226504666211,1,0.0031069505339890234,0.9969074595375024
T1546.009,0.9155102405567581,2,0.004924400087968174,0.9951116979902209
T1546.010,0.5972531564093516,1,0.0032125402487828787,0.9968028634009847
T1137.002,0.23104906018664842,1,0.0012427802135956093,0.9987595320703424
T1547.005,0.9120148170459901,1,0.004905598699320195,0.9951302252993296
T1547.008,1.0153303658958976,1,0.005461318422930893,0.9945830437344374
T1125,1.35880732125241,1,0.007308832382080091,0.9927703955029701
T1559.002,0.648636716351771,1,0.003488925149673434,0.9965292351937011
T1546.012,2.929940930521619,2,0.015759737834530232,0.9846039036549393
T1204.001,1.9639170115865117,1,0.010563631815562679,0.9896010480396108
T1553.003,0.8283022165960001,1,0.004455320462378488,0.9955742494385557
T1547.003,1.0153303658958976,1,0.005461318422930893,0.9945830437344374
